framework_id,scenario_id,impl_type,p1,p2,p3,p4,p5,poi_total
F1,GEW,fixed,2,3,1,2,1,9
F1,GEW,idiomatic,2,3,1,2,1,9
F1,TCW,fixed,2,3,1,2,1,9
F1,TCW,idiomatic,2,3,1,2,1,9
F2,GEW,fixed,0,1,1,2,1,5
F2,GEW,idiomatic,0,1,1,2,1,5
F2,TCW,fixed,0,1,1,2,1,5
F2,TCW,idiomatic,0,1,1,2,1,5
F3,GEW,fixed,0,1,1,2,3,7
F3,GEW,idiomatic,0,1,1,2,3,7
F3,TCW,fixed,0,1,1,2,3,7
F3,TCW,idiomatic,0,1,1,2,3,7
F4,GEW,fixed,2,1,1,2,2,8
F4,GEW,idiomatic,2,1,1,2,2,8
F4,TCW,fixed,2,1,1,2,2,8
F4,TCW,idiomatic,2,1,1,2,2,8
F5,GEW,fixed,0,1,2,3,3,9
F5,GEW,idiomatic,0,1,2,3,3,9
F5,TCW,fixed,0,1,2,3,3,9
F5,TCW,idiomatic,0,1,2,3,3,9
